Name,Version,DriverManufacturer,DriverModel,Path,Description
Latitude 7200 2-in-1 (A06-D6F40),A06-D6F40,Dell,Latitude 7200 2-in-1,\\svw0210\source$\FAT\#Windows10Source\Drivers\Dell\Latitude 7200 2-in-1\A06-D6F40\SCCM Source,Driver package for the Latitude 7200 2-in-1 downloaded and imported on: August 26 2020
Latitude 7210 2-in-1 (A01-NV253),A01-NV253,Dell,Latitude 7210 2-in-1,\\svw0210\source$\FAT\#Windows10Source\Drivers\Dell\Latitude 7210 2-in-1\A01-NV253\SCCM Source,Driver package for the Latitude 7210 2-in-1 downloaded and imported on: August 26 2020
Latitude 7390 2-in-1 (A12-9W2XJ),A12-9W2XJ,Dell,Latitude 7390 2-in-1,\\svw0210\source$\FAT\#Windows10Source\Drivers\Dell\Latitude 7390 2-in-1\A12-9W2XJ\SCCM Source,Driver package for the Latitude 7390 2-in-1 downloaded and imported on: August 26 2020
Latitude E5440 (A04-00F72),A04-00F72,Dell,Latitude E5440,\\svw0210\source$\FAT\#Windows10Source\Drivers\Dell\Latitude E5440\A04-00F72\SCCM Source,Driver package for the Latitude E5440 downloaded and imported on: August 26 2020
Latitude E5570 (A18-441JC),A18-441JC,Dell,Latitude E5570,\\svw0210\source$\FAT\#Windows10Source\Drivers\Dell\Latitude E5570\A18-441JC\SCCM Source,Driver package for the Latitude E5570 downloaded and imported on: August 26 2020
Latitude E6430 (A01-6GCWC),A01-6GCWC,Dell,Latitude E6430,\\svw0210\source$\FAT\#Windows10Source\Drivers\Dell\Latitude E6430\A01-6GCWC\SCCM Source,Driver package for the Latitude E6430 downloaded and imported on: August 26 2020
Latitude E7250 (A07-JHVF1),A07-JHVF1,Dell,Latitude E7250,\\svw0210\source$\FAT\#Windows10Source\Drivers\Dell\Latitude E7250\A07-JHVF1\SCCM Source,Driver package for the Latitude E7250 downloaded and imported on: August 26 2020
Latitude E7270 (A12-1Y7X7),A12-1Y7X7,Dell,Latitude E7270,\\svw0210\source$\FAT\#Windows10Source\Drivers\Dell\Latitude E7270\A12-1Y7X7\SCCM Source,Driver package for the Latitude E7270 downloaded and imported on: August 26 2020
OptiPlex 3060 (A11-KH81V),A11-KH81V,Dell,OptiPlex 3060,\\svw0210\source$\FAT\#Windows10Source\Drivers\Dell\OptiPlex 3060\A11-KH81V\SCCM Source,Driver package for the OptiPlex 3060 downloaded and imported on: August 26 2020
OptiPlex 7010 (A01-GR1XM),A01-GR1XM,Dell,OptiPlex 7010,\\svw0210\source$\FAT\#Windows10Source\Drivers\Dell\OptiPlex 7010\A01-GR1XM\SCCM Source,Driver package for the OptiPlex 7010 downloaded and imported on: August 26 2020
OptiPlex 7040 (A13-NV9TG),A13-NV9TG,Dell,OptiPlex 7040,\\svw0210\source$\FAT\#Windows10Source\Drivers\Dell\OptiPlex 7040\A13-NV9TG\SCCM Source,Driver package for the OptiPlex 7040 downloaded and imported on: August 26 2020
OptiPlex 7050 (A13-28PGF),A13-28PGF,Dell,OptiPlex 7050,\\svw0210\source$\FAT\#Windows10Source\Drivers\Dell\OptiPlex 7050\A13-28PGF\SCCM Source,Driver package for the OptiPlex 7050 downloaded and imported on: August 26 2020
OptiPlex 7060 (A10-TDYYJ),A10-TDYYJ,Dell,OptiPlex 7060,\\svw0210\source$\FAT\#Windows10Source\Drivers\Dell\OptiPlex 7060\A10-TDYYJ\SCCM Source,Driver package for the OptiPlex 7060 downloaded and imported on: August 26 2020
OptiPlex 9020 (A05-6TD3V),A05-6TD3V,Dell,OptiPlex 9020,\\svw0210\source$\FAT\#Windows10Source\Drivers\Dell\OptiPlex 9020\A05-6TD3V\SCCM Source,Driver package for the OptiPlex 9020 downloaded and imported on: August 26 2020
Precision 3510 (A15-8FHVG),A15-8FHVG,Dell,Precision 3510,\\svw0210\source$\FAT\#Windows10Source\Drivers\Dell\Precision 3510\A15-8FHVG\SCCM Source,Driver package for the Precision 3510 downloaded and imported on: August 26 2020
Precision 3520 (A13-F2C2V),A13-F2C2V,Dell,Precision 3520,\\svw0210\source$\FAT\#Windows10Source\Drivers\Dell\Precision 3520\A13-F2C2V\SCCM Source,Driver package for the Precision 3520 downloaded and imported on: August 26 2020
Precision 3530 (A11-8W63V),A11-8W63V,Dell,Precision 3530,\\svw0210\source$\FAT\#Windows10Source\Drivers\Dell\Precision 3530\A11-8W63V\SCCM Source,Driver package for the Precision 3530 downloaded and imported on: August 26 2020
Precision 3541 (A08-F8V6G),A08-F8V6G,Dell,Precision 3541,\\svw0210\source$\FAT\#Windows10Source\Drivers\Dell\Precision 3541\A08-F8V6G\SCCM Source,Driver package for the Precision 3541 downloaded and imported on: August 26 2020
Precision 3551 (A01-F43FR),A01-F43FR,Dell,Precision 3551,\\svw0210\source$\FAT\#Windows10Source\Drivers\Dell\Precision 3551\A01-F43FR\SCCM Source,Driver package for the Precision 3551 downloaded and imported on: August 26 2020
Precision 7820 Tower (A10-VWMKM),A10-VWMKM,Dell,Precision 7820 Tower,\\svw0210\source$\FAT\#Windows10Source\Drivers\Dell\Precision 7820 Tower\A10-VWMKM\SCCM Source,Driver package for the Precision 7820 Tower downloaded and imported on: August 26 2020
Precision M2800 (A03-6HN8N),A03-6HN8N,Dell,Precision M2800,\\svw0210\source$\FAT\#Windows10Source\Drivers\Dell\Precision M2800\A03-6HN8N\SCCM Source,Driver package for the Precision M2800 downloaded and imported on: August 26 2020
Precision Tower 3430 (A07-HDC50),A07-HDC50,Dell,Precision Tower 3430,\\svw0210\source$\FAT\#Windows10Source\Drivers\Dell\Precision Tower 3430\A07-HDC50\SCCM Source,Driver package for the Precision Tower 3430 downloaded and imported on: August 26 2020
Precision Tower 3431 (A04-M43HV),A04-M43HV,Dell,Precision Tower 3431,\\svw0210\source$\FAT\#Windows10Source\Drivers\Dell\Precision Tower 3431\A04-M43HV\SCCM Source,Driver package for the Precision Tower 3431 downloaded and imported on: August 26 2020
Precision Tower 5810 (A05-774GJ),A05-774GJ,Dell,Precision Tower 5810,\\svw0210\source$\FAT\#Windows10Source\Drivers\Dell\Precision Tower 5810\A05-774GJ\SCCM Source,Driver package for the Precision Tower 5810 downloaded and imported on: August 26 2020
Precision Tower 7910 (A06-RN2J6),A06-RN2J6,Dell,Precision Tower 7910,\\svw0210\source$\FAT\#Windows10Source\Drivers\Dell\Precision Tower 7910\A06-RN2J6\SCCM Source,Driver package for the Precision Tower 7910 downloaded and imported on: August 26 2020